<?xml version="1.0" encoding="UTF-8"?>
<metadata>
  <identifier>MbrolaTools35</identifier>
  <mediatype>software</mediatype>
  <collection>open_source_software</collection>
  <description>&lt;b style="color:rgb(34,34,34);font-family:sans-serif;font-size:14px;background-color:rgb(255,255,255);"&gt;MBROLA&lt;/b&gt;&lt;span style="color:rgb(34,34,34);font-family:sans-serif;font-size:14px;background-color:rgb(255,255,255);"&gt; is &lt;/span&gt;&lt;a href="https://en.wikipedia.org/wiki/Speech_synthesis" title="Speech synthesis" style="color:rgb(11,0,128);background:rgb(255,255,255) none;font-family:sans-serif;font-size:14px;" rel="nofollow"&gt;speech synthesis&lt;/a&gt;&lt;span style="color:rgb(34,34,34);font-family:sans-serif;font-size:14px;background-color:rgb(255,255,255);"&gt; &lt;/span&gt;&lt;a href="https://en.wikipedia.org/wiki/Software" title="Software" style="color:rgb(11,0,128);background:rgb(255,255,255) none;font-family:sans-serif;font-size:14px;" rel="nofollow"&gt;software&lt;/a&gt;&lt;span style="color:rgb(34,34,34);font-family:sans-serif;font-size:14px;background-color:rgb(255,255,255);"&gt; as a worldwide collaborative project&lt;/span&gt;</description>
  <scanner>Internet Archive HTML5 Uploader 1.6.3</scanner>
  <subject>Mbrola</subject>
  <title>Mbrola  </title>
  <publicdate>2018-10-31 19:33:25</publicdate>
  <uploader>famol81@yahoo.com</uploader>
  <addeddate>2018-10-31 19:33:25</addeddate>
  <curation>[curator]validator@archive.org[/curator][date]20181031194402[/date][comment]checked for malware[/comment]</curation>
  <backup_location>ia906803_23</backup_location>
  <collection>community</collection>
</metadata>
